,Katun NIR,Sutra NIR,Polyester NIR,Rayon NIR
mean_nir,125.24011940586419,122.08344039351852,121.86783777006173,108.52410667438271
contrast,0.16941484491153996,0.18673120289360398,0.1774298243725914,0.16468445892904873
dissimilarity,0.169414168347711,0.18673023502772051,0.1774298243725914,0.16468445892904873
homogeneity,0.9152929834825273,0.9066349792727281,0.9112850878137043,0.9176577705354757
energy,0.5397262439840336,0.47634627890915515,0.5134760124872721,0.5615787999267334
correlation,0.8230008053845801,0.8813299388972876,0.840035256815509,0.7989849425318047
asm,0.2917283837876085,0.22762813798325238,0.26447723312524696,0.31630277646815114
entropy,8.967233012619555,10.493795470400604,9.414795843801288,8.314859286581742
